UserID, Cajun Oven Baked Pork Chops, Chocolatey Overnight Oats with Strawberries, Baked Alaska, Decadent Black Forest Cake, Chocolate Chip Peanut Butter Banana Cookies, Coconut Cream Pie Vegan Milkshake, Protein Packed Carrot Muffins, Square Deviled Eggs, Baked Honey Sriracha Chicken Wings, Cheese Tortellini With Shrimp In Tomato Cream Sauce, Slow Cooker Beef Stew, Beef Tenderloin With Creamy Alouette Mushroom Sauce, Ultimate Chocolate Chunk Cookies, Cheesy Grits Casserole, Dried Fruit and Ginger Scones, Chocolate Almond Bark, Cherry Lime Mojito, Mango Banana Coconut Smoothie, Green Apple Salad with Blue Cheese and Walnuts, Savory Cheese Dill Scones, White Chocolate Christmas Holiday Pretzels and Santas Snack Mix, Caramel ice cream, Chicken Cordon Bleu, Buttermilk Onion Rings, Apple Soft Pound Cake, Key Lime Pie, Cajun Style Sweet Potato Fries, Banana Split Sundae Ice Cream Cake, Fudgy chocolate cream cheese brownies with Baileys, Tomato Cutlets, Cheesy Chicken Enchilada Quinoa Casserole, Arugula Walnut Pesto, Basil Infused Balsamic Oven Baked Chicken, Lemon Coconut Granola, Easy Onion Cheese Rounds, good for you chicken wraps with cool avocado dressing, Easy Thanksgiving Entertaining, Homemade Guacamole, Sugared Pecans Gift Idea & Silhouette America Promotion, Healthy Turkey Sandwiches, Avocado Toast With Caramelized Sweet Onion, Grape Tomatoes, Fresh Garden Chives and Chive Blossoms, Buckwheat Galette With An Egg, PB Cup Stuffed Brownie Bites, Cilantro Lime Halibut, Chicken Spaghettini With Fried Capers, Banana Walnut Bread, Gluten Free Dairy Free Buttermilk Biscuits, Ham with Orange Rosemary Marmalade Glaze, No Oven Peanut Butter Squares, Butternut Squash Gnocchi With Whiskey Cream Sauce, Rocky Road Ice Cream, Filipino Egg Rolls, Sweet and Sticky Chicken Strips, Ratatouille With Brie, Cinnamon Nut Squares, Fresh Roasted Tomatillo Salsa, Easy Chicken Tikka Masala, Corn Pudding, Berry Banana Breakfast Smoothie, Cider-Braised Pork Shoulder With Caramelized Onion and Apple Confit," My ""Secret"" Bolognese Sauce", Asian Chickpea Lettuce Wraps, Chocolate Pavlova with Winter Fruit, Autumn Cheesecake, Fennel and Orange Salad With Toasted Hazelnuts and Cranberries, Master List of over 50 Grilling, Cheesy Cauliflower, Oreo Cookies & Cream No-Bake Cheesecake," Crockpot ""Refried"" Beans", Best Ever Bolognese Sauce, Strawberry Shortcake Pancakes, Kenyan Pilau, Chinese Potstickers, Strawberry Banana Stuffed Pancakes, Crunchy Brussels Sprouts Side Dish, Corned Beef Cakes, Roasted Cabbage Wedge Salad with Yogurt Gorgonzola Dressing, OREO Cookie Balls  Snowman, Bittersweet chocolate pudding, Crispy Italian Cauliflower Poppers Appetizer, Grilled Peach Melba with Vanilla Bean Frozen Yogurt, Black Bean and Veggie Burgers with Corn Salsa, Authentic Italian Biscotti, Mint Chocolate Chip Ice Cream, Nutella Crepes and Ice Cream, Butternut Squash Frittata, Avocado Chicken Salad, Chocolate Asparagus Bundt Cake, Buffalo Wing Hummus, Bacon Wrapped Green Bean Bundles, Caramel Macchiato Cake, Southwestern Pasta Salad, Breakfast Sticky Buns, Texas Cowboy Caviar, Italian Meatloaf with Hard Boiled Eggs, Pineapple Jollof Rice, Balsamic & Honey Glazed Salmon with Lemony Asparagus, Sliced Baguette with Anchovy Chive Butter and Radishes, Healthy Mint Brownies, Steamed Clams In Wine and Chorizo, Boozy Bbq Chicken, Strawberry Shortcake w. Mini Strawberry PopTarts, Hot Pastrami Sandwich, Cauliflower Fried Rice: More Veggies Than Rice (But Your Kids Won't Notice), Chicken thighs wrapped in prosciutto, Finger Foods: Frittata Muffins #incredibleEGG, How to Make Yummy Cake Pops, Pepperoni Pizza Bites, Chicken Avocado Burger (Whole 30, PALEO, & Simple Fit Forty), Chocolate Peanut Butter No-Bake Dessert, Peri Peri Chicken and Savoury Rice, Trinidadian Chicken Potato Curry, Classic Matzo Ball Soup, Grilled Baked Brie with Shallots, Cranberries & Balsamic, Pork Chops with Garlic Cream, All American Sloppy Joes, Easy Baked Parmesan Chicken, Mushroom Goat Cheese Baked Eggs, Homemade Taco Seasoning, Classic Carrot Cake With Cream Cheese Frosting, Hot Cross Buns, Banana Buttermilk Pancakes, Cake with lemon, rosewater and pistachios, Cabbage and sausages in beer, Cous Cous and Stir-Fried Mango Chicken, Chicken and Penne in Creamy Garlic Sauce, Creamy Tomato Soup, Homemade Strawberry Shake, Vegan Strawberry Shortcake served with Vegan Whipped Cream, Buckwheat Banana Pancakes, Parmesan chicken nuggets, Cream Cheese Stuffed Baby Bell Pepper Appetizer, Cherry Jello Poke Cake, Peanut Butter Sriracha Cookies, Almond Nut Butter, Watermelon Popsicles with Mint, Basil & Lime, Couscous with olives, Lemon Scented Polenta Pancakes with Blueberry Thyme Syrup, Simple Whole Wheat Crepes @KingArthurFlour #Vitamix, Tropical Ice Pops, Quick Chicken Enchilada Soup, Hot Artichoke Crab Dip, Jade Buddha Salmon Tartare, Coconut Crusted Rockfish, Pan-Fried Basa Fillets With Asian Marinade, Gluten Free Onion Rings, Lemon Bars with Almond Crust, Crispy Pineapple Fritters, Brownie Coffins, Plantain Pizza, Buffalo Ranch Chicken Dip, Chocolate Fudge Cookies, Lemonade Bundt Cake, Sweet-N-Smoky Salmon With Ginger Mahogany Rice, Gluten Free Blueberry Muffins, Pierogi Casserole, White Chocolate Vanilla Latte, Allergy-Free Thin Mints, Turkey Avocado BLT Salad, Almond Horns, Raspberry Protein Shake, Valentines Day Pretzel Treats, Gingerbread, Grandma Inez's Pineapple Pie, Chocolate nut spread, Red Lentil Soup with Chicken and Turnips, Bacon & Egg Toast Cups, Cajun Louisiana Style Crawfish Etouffee, Upside-Down Blueberry Puffs Brunch, Almond Butter Slices, Crockpot Garlic Lime Salsa Meatball Tacos, Elk Sliders With Pancetta Bacon and Smoked Mozzarella, Honey Ginger Lemon Iced Tea, Orange Chocolate Cake, Barbecue Chicken Cauliflower Couscous Bowls, Slow Cooker Kahlua Pork with Sweet Chili Pineapple Sauce, Albondigas Soup, Old Fashioned Vanilla Buttercream Frosting, Bacon & Potato Soup, Gluten & Dairy Free, Apple Pie, Chocolate Chip Cookies, Slow Cooker Chicken Taco Soup, 4 Ingredient Chicken Pot Pie, Caramelised Onion and Mushroom Quiche, 3-Ingredient Berries & Cream Banana Ice Cream #Vitamix #cleaneating, Chicken Verde Enchilada Casserole, Black Forest Mini Cheesecakes, Popcorn Chicken, Creamy Blue Cheese Dressing, Grilled Guacamole with Pistachios, Cheesiest Bowtie Mac and Cheese, Garlic-Butter Naan, Sweet & Spicy White Cheddar Cheese Ball W/apples & Bacon, Green Chili Cheddar Dip (Guest Post), Crawfish Cake Sliders, Holiday Cookies, Chive and Dill Cornbread Muffins, Peach Melba, Cajun Corn Dip, Cranberry Margarita, Rice and Peas with Coconut Curry Mackerel, Toasted Tropical Marshmallows, Bruschetta Stuffed Potatoes, Chocolate-Date Cake with Chocolate Sticky Toffee Glaze, Chicken En Papillote With Basil and Cherry Tomatoes, Easy Baked Pork Chop, Eggplant & Artichoke Heart Galettes, Homemade Broccoli Cheddar Soup, Tiramisu Bread Pudding, Moroccan chickpea and lentil stew, Moroccan kofte and sausage stew, 5 Minute Xocai Chocolate Mug Cake, Yorkshire Pudding, Eggs Florentine, Molten Chocolate Liquor Cakes, Baked Beignet Bites, Vegetable Rice, Hummus and Za'atar, Zucchini Noodles with Pesto, Coconut Almond Cheesecake, Mangolicious Upside Down Cake, 5 Minute Gluten Free Wonder Buns, One Bowl Jalapeno Cheddar Cornbread, Easy Shrimp Scampi, Homemade Oatmeal Cream Pies, Chipotle Black Bean Soup with Avocado Cream, Greek-Style Baked Fish: Fresh, Simple, and Delicious, Coffee Cookies, Corned Beef And Cabbage With Irish Mustard Sauce, Powdered Buttermilk Beignets With Raspberry and Chocolate Dipping Sauce, Smoked Salmon Eggs Benedict With Lemon Dill Hollandaise, Minestrone Soup, Lemon square bars, Whoopie Pies, Bananas Foster Ice Cream, Cucumber Mint Tea Sandwiches, Easy Homemade Rice and Beans, Sun Dried Tomato and Herb Baked Eggs, Cranberry Crumb Bars, Carrot Cake Muffin Cookies, Easy To Make Spring Rolls, Mangoes with Rum and Ice Cream Dessert, Crepes Suzette, Turkey Enchilada Bake, Mediterranean Herb Dip, Delicious Lemon Cake, Black Bean Brownies, Baked Potato Soup, Homemade Apple Almond Granola Bars, Fenugreek Roti, Turkey Pot Pie, Classic New England Crab Cakes, Agave Glazed Carrots, Slow Cooker Red Beans and Rice, Chocolate Souffle, Tart Raspberry Sorbet with a Hint of Heat, Classic Greek Moussaka, Savory Radicchio and Prosciutto Crostini Topped with Sweet Syrupy Sapa, Egg and Dairy Free Pancakes, Coconut Guava Ice cream, Cherry Pancakes for One, Strawberry Basil Sorbet (no Ice Cream Maker Necessary!), Snap Pea and Green Bean Salad with Arugula Pesto, Homemade Garlic and Basil French Fries, Deviled Eggs With Crab, Semi Ripe Plantain Pottage, Almond Coffee Cake with Kahlua Liqueur, Chocolate and Szechuan Peppercorn Brownies, Brown Butter Twice Baked Sweet Potatoes, Easy Turtle Pumpkin Pie, Avocado Chocolate Bits Frozen Yogurt, Sweet Potato Casserole Gourmet & Holiday Baking, Whole Grain Pumpkin Bread, Guinness and Brats, Sterling Cooper Blini with Caviar, Cheesecake with cranberries, Barbecued Shrimp & Grits, Caramelized Tofu & Gala Apple Salad, Crab and Shrimp Burgers With Garlic Grits Fries, Peppermint Hot Chocolate Cupcakes, Asparagus Eggs Benedict, Chocolate Hazelnut Mousse, Lemon Vinaigrette, How To Make Fried Chicken Without Frying, The Best Chili, Blasian's Deviled Eggs, Chicken Fajita Stuffed Bell Pepper, Spinach Salad with Strawberry Vinaigrette, Vegan Pumpkin Pie Butter Cups, Creamy Vegan Butternut Squash Mac and Cheese, Coffee-Infused Bbq Baby Back Ribs, Dressed Up Kale Salad, Julia Child's Vichyssoise, Slow Cooker Rosemary Whole Chicken, Seasoned Grilled Chicken with Avocado Salsa (PALEO), Pan Seared Lamb Loin With Chimichurri & Roasted Trio Squash Salad With Goat Cheese and Pinenuts, Spaghetti Squash & Tomato Basil Meat Sauce, Broccoli and Chickpea Rice Salad, Classic Daiquiri Cocktail, Flank Steak with Herbed Salsa, Meyer Lemon Cheesecake, Classic Eggs Benedict, Breaded Shrimp and Spicy Mayo, Cranberry Orange Banana Bread, Caramelized Onion Dip, Summer Berry Parfait, Gorgonzola & Grilled Peach Burger, Coconut Cream Pasta, Beef Carrot Stew, Brown Rice Mushroom Pilaf, Apple-Cheesecake Tart with Salted Caramel Glaze, Cheesy Cowboy Quesadillas, Banana Walnut Bars, Crock-Pot: Asian-Style Country Ribs with Black Bean Garlic Sauce, Lamb Burgers With Tzatziki Sauce, Breakfast Casserole, Banana Cream Pie, 5-Minute Rocky Road Fudge, Amaretto Cheesecake, Eggless Blueberry and White Chocolate Baked Cheesecake, Chicken Piccata With Angel Hair Pasta, Slow Cooker Chicken and Dumplings, Chocolate Banoffee Pie, Sweet Mustard BBQ Pork Chops, Chocolate Mousse in Chocolate Shell, Perfect fish cakes, Balsamic Bleu Cheese Salad, Crockpot Chicken and Dumplings, OREO Cookie Balls  Thanksgiving Turkey, Pink Lemonade Crinkle Cookies, Hot Cocaccino, Turkey Tomato Cheese Pizza, Lime Smore Tartlets, Mini frittatas with quinoa, Caldo Verde - Portuguese Kale Soup, Party Rice Balls, Farro With Mushrooms and Asparagus, Curried Cabbage & Kale Gratin, Easy Vegetable Fried Rice, Aphrodisiac Cream Cheese-Stuffed Chocolate Chip Cookies, Smoky Deviled Eggs, Three-Cup Chicken, Pumpkin French Toast, Herb Roasted Chicken, 15 Minute Healthy Dark Chocolate Truffles, Creamy Lime Pie Square Bites, Antipasto Squares, Peanut Butter and Jelly Smoothie, Chorizo and Beef Quinoa Stuffed Pepper, Chapchae - Korean Stir-Fried Noodles, Red Kidney Bean Jambalaya, Cheesy Potato Corn Scones, Corn Chowder with Potatoes, Poblanos, and Smoked Gouda, Cake with wine and olive oil, Asparagus and Pea Soup: Real Convenience Food, Vegetable Beef Stew, Split Pea and Mushroom Soup, Easy Cheesy Pizza Casserole, Classic French Onion Soup, Cheddar Polenta With Bacon Wrapped Asparagus, Banana Nut Pancakes, Cranberry Apple Crisp, Red, White & Blue Crepes: Happy July 4th! @driscollsberry, Strawberry and Nutella Cobbler, Banana, Cranberry and Apple Bread, Chia Seed Pudding, Easy Pork Chops on Stuffing, Baked Pears with Oatmeal Crumble, Loaded Baked Potato Soup with Crispy-Fried Potato Skins, Mexican Casserole, Alouette Chicken Paprika, Homemade Animal Crackers, 4 Ingredient Raw Peanut Butter Chocolate Cups, Cherry Blueberry Muffins, Drunken Noodles (Pad Kee Mao), Baked Tofu Cheesecake
5a07ce6c2968911d482dd0ae,0,0,0,0,0,0,0,0,0,0,0,0,0,0,0,0,1,0,0,0,0,0,0,0,0,0,0,0,0,0,0,0,0,0,0,0,0,0,0,0,0,0,0,0,0,0,0,0,0,0,0,0,1,0,0,0,1,1,1,0,1,0,1,0,0,0,0,1,0,1,1,1,1,0,?,?,?,?,?,?,?,?,?,?,?,?,?,?,?,?,?,?,?,?,?,?,?,?,?,?,?,?,?,?,?,?,?,?,?,?,?,?,?,?,?,?,?,?,?,?,?,?,?,?,?,?,?,?,?,?,?,?,?,?,?,?,?,?,?,?,?,?,?,?,?,?,?,?,?,?,?,?,?,?,?,?,?,?,?,?,?,?,?,?,?,?,?,?,?,?,?,?,?,?,?,?,?,?,?,?,?,?,?,?,?,?,?,?,?,?,?,?,?,?,?,?,?,?,?,?,?,?,?,?,?,?,?,?,?,?,?,?,?,?,?,?,?,?,?,?,?,?,?,?,?,?,?,?,?,?,?,?,?,?,?,?,?,?,?,?,?,?,?,?,?,?,?,?,?,?,?,?,?,?,?,?,?,?,?,?,?,?,?,?,?,?,?,?,?,?,?,?,?,?,?,?,?,?,?,?,?,?,?,?,?,?,?,?,?,?,?,?,?,?,?,?,?,?,?,?,?,?,?,?,?,?,?,?,?,?,?,?,?,?,?,?,?,?,?,?,?,?,?,?,?,?,?,?,?,?,?,?,?,?,?,?,?,?,?,?,?,?,?,?,?,?,?,?,?,?,?,?,?,?,?,?,?,?,?,?,?,?,?,?,?,?,?,?,?,?,?,?,?,?,?,?,,,,,,,,,,,,,,
5a0aff3f2d47904af1b93f72,?,?,?,?,?,?,?,?,?,?,?,?,?,?,?,?,?,?,?,?,?,?,?,?,?,?,?,?,?,?,?,?,?,?,?,?,?,?,?,?,?,?,?,?,?,?,?,?,?,?,?,?,?,?,?,?,?,?,?,?,?,?,?,?,?,?,?,?,?,?,?,?,?,?,1,0,1,0,1,1,1,1,0,0,?,?,?,?,?,?,?,?,?,?,?,?,?,?,?,?,?,?,?,?,?,?,?,?,?,?,?,?,?,?,?,?,?,?,?,?,?,?,?,?,?,?,?,?,?,?,?,?,?,?,?,?,?,?,?,?,?,?,?,?,?,?,?,?,?,?,?,?,?,?,?,?,?,?,?,?,?,?,?,?,?,?,?,?,?,?,?,?,?,?,?,?,?,?,?,?,?,?,?,?,?,?,?,?,?,?,?,?,?,?,?,?,?,?,?,?,?,?,?,?,?,?,?,?,?,?,?,?,?,?,?,?,?,?,?,?,?,?,?,?,?,?,?,?,?,?,?,?,?,?,?,?,?,?,?,?,?,?,?,?,?,?,?,?,?,?,?,?,?,?,?,?,?,?,?,?,?,?,?,?,?,?,?,?,?,?,?,?,?,?,?,?,?,?,?,?,?,?,?,?,?,?,?,?,?,?,?,?,?,?,?,?,?,?,?,?,?,?,?,?,?,?,?,?,?,?,?,?,?,?,?,?,?,?,?,?,?,?,?,?,?,?,?,?,?,?,?,?,?,?,?,?,?,?,?,?,?,?,?,?,?,?,?,?,?,?,?,?,?,?,?,?,?,?,?,?,?,?,?,?,?,?,?,?,?,?,?,?,?,?,?,?,,,,,,,,,,,,,,
5a0b05dc2d47904af1b93f73,?,?,?,?,?,?,?,?,?,?,?,?,?,?,1,?,?,?,1,?,?,?,?,?,?,?,?,?,?,?,?,?,?,?,?,?,1,?,?,?,1,?,?,?,?,?,?,?,?,?,?,?,0,?,?,?,?,?,?,?,?,?,?,?,?,?,?,?,?,?,?,?,?,?,?,?,?,?,?,?,?,?,?,?,1,1,0,1,0,1,1,1,1,1,0,1,0,1,1,0,0,1,0,1,?,?,?,?,?,?,?,?,?,?,?,?,?,?,?,?,?,?,?,?,?,?,?,?,?,?,?,?,?,?,?,?,?,?,?,?,?,?,?,?,?,?,?,?,?,?,?,?,?,?,?,?,?,?,?,?,?,?,?,?,?,?,?,?,?,?,?,?,?,?,?,?,?,?,?,?,?,?,?,?,?,?,?,?,?,?,?,?,?,?,?,?,?,?,?,?,?,?,?,?,?,?,?,?,?,?,?,?,?,?,?,?,?,?,?,?,?,?,?,?,?,?,?,?,?,?,?,?,?,?,?,?,?,?,?,?,?,?,?,?,?,?,?,?,?,?,?,?,?,?,?,?,?,?,?,?,?,?,?,?,?,?,?,?,?,?,?,?,?,?,?,?,?,?,?,?,?,?,?,?,?,?,?,?,?,?,?,?,?,?,?,?,?,?,?,?,?,?,?,?,?,?,?,?,?,?,?,?,?,?,?,?,?,?,?,?,?,?,?,?,?,?,?,?,?,?,?,?,?,?,?,?,?,?,?,?,?,?,?,?,?,?,?,?,?,?,?,?,?,?,?,?,?,?,?,?,?,?,?,?,?,?,?,?,?,?,?,?,?,?,?,?,,,,,,,,,,,,,,
5a0b06692d47904af1b93f74,?,?,?,?,?,?,?,?,1,?,?,?,?,?,?,?,?,?,?,?,?,?,?,0,?,?,?,?,?,?,?,?,?,?,?,?,?,?,?,?,?,?,?,?,?,?,?,?,?,?,?,?,?,?,?,?,?,?,?,?,?,?,?,?,?,?,1,1,?,?,?,?,?,?,?,?,?,?,?,0,?,?,?,?,?,?,?,?,?,?,?,?,?,?,?,?,?,?,?,?,?,0,?,?,1,1,0,0,1,1,1,1,1,?,?,?,?,?,?,?,?,?,?,?,?,?,?,?,?,?,?,?,?,?,?,?,?,?,?,?,?,?,?,?,?,?,?,?,?,?,?,?,?,?,?,?,?,?,?,?,?,?,?,?,?,?,?,?,?,?,?,?,?,?,?,?,?,?,?,?,?,?,?,?,?,?,?,?,?,?,?,?,?,?,?,?,?,?,?,?,?,?,?,?,?,?,?,?,?,?,?,?,?,?,?,?,?,?,?,?,?,?,?,?,?,?,?,?,?,?,?,?,?,?,?,?,?,?,?,?,?,?,?,?,?,?,?,?,?,?,?,?,?,?,?,?,?,?,?,?,?,?,?,?,?,?,?,?,?,?,?,?,?,?,?,?,?,?,?,?,?,?,?,?,?,?,?,?,?,?,?,?,?,?,?,?,?,?,?,?,?,?,?,?,?,?,?,?,?,?,?,?,?,?,?,?,?,?,?,?,?,?,?,?,?,?,?,?,?,?,?,?,?,?,?,?,?,?,?,?,?,?,?,?,?,?,?,?,?,?,?,?,?,?,?,?,?,?,?,?,?,?,?,?,?,?,?,?,?,?,?,?,?,?,?,?,,,,,,,,,,,,,,
5a0b0bdd2d47904af1b93f75,?,?,?,?,?,?,?,?,?,?,?,?,?,0,?,?,?,?,?,?,?,?,?,?,?,?,?,?,?,?,?,?,?,?,?,?,?,?,?,?,?,1,?,?,?,?,?,?,?,?,?,?,?,?,?,?,?,0,1,?,?,?,?,?,?,?,?,?,?,?,0,?,?,?,?,?,?,?,?,?,?,?,?,?,?,?,?,?,?,?,?,?,?,?,?,?,?,?,?,1,?,?,?,?,?,?,?,?,?,?,?,?,?,1,0,0,1,1,1,1,0,1,1,0,?,?,?,?,?,?,?,?,?,?,?,?,?,?,?,?,?,?,?,?,?,?,?,?,?,?,?,?,?,?,?,?,?,?,?,?,?,?,?,?,?,?,?,?,?,?,?,?,?,?,?,?,?,?,?,?,?,?,?,?,?,?,?,?,?,?,?,?,?,?,?,?,?,?,?,?,?,?,?,?,?,?,?,?,?,?,?,?,?,?,?,?,?,?,?,?,?,?,?,?,?,?,?,?,?,?,?,?,?,?,?,?,?,?,?,?,?,?,?,?,?,?,?,?,?,?,?,?,?,?,?,?,?,?,?,?,?,?,?,?,?,?,?,?,?,?,?,?,?,?,?,?,?,?,?,?,?,?,?,?,?,?,?,?,?,?,?,?,?,?,?,?,?,?,?,?,?,?,?,?,?,?,?,?,?,?,?,?,?,?,?,?,?,?,?,?,?,?,?,?,?,?,?,?,?,?,?,?,?,?,?,?,?,?,?,?,?,?,?,?,?,?,?,?,?,?,?,?,?,?,?,?,?,?,?,?,?,?,?,?,?,?,?,?,?,?,?,?,?,?,?,?,,,,,,,,,,,,,,
5a0b1cc42d47904af1b93f76,?,?,?,?,?,?,?,?,?,?,?,?,?,?,?,?,?,?,?,?,?,?,?,?,?,?,?,?,?,?,?,?,?,?,?,?,?,?,?,?,?,?,?,?,?,?,?,?,?,?,?,?,?,?,?,?,?,?,?,?,?,?,?,?,?,?,?,?,?,?,?,?,?,?,?,?,?,?,0,?,?,?,?,?,?,?,?,?,?,?,?,?,?,?,?,?,?,?,?,?,?,?,?,?,?,?,?,?,?,?,?,?,?,?,?,?,?,?,?,?,?,?,?,?,1,1,1,1,0,0,1,?,?,?,?,?,?,?,?,?,?,?,?,?,?,?,?,?,?,?,?,?,?,?,?,?,?,?,?,?,?,?,?,?,?,?,?,?,?,?,?,?,?,?,?,?,?,?,?,?,?,?,?,?,?,?,?,?,?,?,?,?,?,?,?,?,?,?,?,?,?,?,?,?,?,?,?,?,?,?,?,?,?,?,?,?,?,?,?,?,?,?,?,?,?,?,?,?,?,?,?,?,?,?,?,?,?,?,?,?,?,?,?,?,?,?,?,?,?,?,?,?,?,?,?,?,?,?,?,?,?,?,?,?,?,?,?,?,?,?,?,?,?,?,?,?,?,?,?,?,?,?,?,?,?,?,?,?,?,?,?,?,?,?,?,?,?,?,?,?,?,?,?,?,?,?,?,?,?,?,?,?,?,?,?,?,?,?,?,?,?,?,?,?,?,?,?,?,?,?,?,?,?,?,?,?,?,?,?,?,?,?,?,?,?,?,?,?,?,?,?,?,?,?,?,?,?,?,?,?,?,?,?,?,?,?,?,?,?,?,?,?,?,?,?,?,,,,,,,,,,,,,,
5a0b4c492d47904af1b93f77,?,?,?,?,?,?,?,?,?,?,?,?,?,?,?,?,?,?,?,?,?,?,?,?,?,?,?,?,?,?,?,?,?,?,?,?,?,?,?,?,?,?,?,?,?,?,?,?,?,?,?,?,?,?,?,?,?,?,?,?,?,?,?,?,?,?,?,?,?,?,?,?,?,?,?,?,?,?,?,?,?,?,?,?,?,?,?,?,?,?,?,?,?,?,?,?,?,?,?,?,?,?,?,?,?,?,?,?,?,?,?,?,?,?,?,?,?,?,?,?,?,?,?,?,?,?,?,?,?,?,?,?,?,?,?,?,?,?,?,?,?,?,?,?,?,?,?,?,?,?,?,?,?,?,?,?,?,?,?,?,?,?,?,?,?,?,?,?,?,?,?,?,?,?,?,?,?,?,?,?,?,?,?,?,?,?,?,?,?,?,?,?,?,?,?,?,?,?,?,?,?,?,?,?,?,?,?,?,?,?,?,?,?,?,?,?,?,?,?,?,?,?,?,?,?,?,?,?,?,?,?,?,?,?,?,?,?,?,?,?,?,?,?,?,?,?,?,?,?,?,?,?,?,?,?,?,?,?,?,?,?,?,?,?,?,?,?,?,?,?,?,?,?,?,?,?,?,?,?,?,?,?,?,?,?,?,?,?,?,?,?,?,?,?,?,?,?,?,?,?,?,?,?,?,?,?,?,?,?,?,?,?,?,?,?,?,?,?,?,?,?,?,?,?,?,?,?,?,?,?,?,?,?,?,?,?,?,?,?,?,?,?,?,?,?,?,?,?,?,?,?,?,?,?,?,?,?,?,?,?,?,?,?,?,?,?,?,?,?,?,?,?,?,?,?,?,,,,,,,,,,,,,,
5a0b4d812d47904af1b93f78,?,?,?,?,?,?,?,?,?,?,?,?,?,?,?,?,?,?,?,?,?,?,?,?,?,?,?,?,?,?,?,?,?,?,?,?,?,?,?,?,?,?,?,0,?,?,?,?,?,?,?,?,?,?,?,?,?,?,?,?,?,?,?,?,?,?,?,?,?,?,?,?,?,?,?,?,?,?,?,?,?,?,?,?,?,?,?,?,?,?,?,?,?,?,?,?,?,?,?,?,?,?,?,?,?,?,?,?,?,?,?,?,?,?,?,?,1,?,?,?,?,?,?,0,0,?,?,?,?,?,?,1,0,1,0,1,0,1,0,1,1,1,?,?,?,?,?,?,?,?,?,?,?,?,?,?,?,?,?,?,?,?,?,?,?,?,?,?,?,?,?,?,?,?,?,?,?,?,?,?,?,?,?,?,?,?,?,?,?,?,?,?,?,?,?,?,?,?,?,?,?,?,?,?,?,?,?,?,?,?,?,?,?,?,?,?,?,?,?,?,?,?,?,?,?,?,?,?,?,?,?,?,?,?,?,?,?,?,?,?,?,?,?,?,?,?,?,?,?,?,?,?,?,?,?,?,?,?,?,?,?,?,?,?,?,?,?,?,?,?,?,?,?,?,?,?,?,?,?,?,?,?,?,?,?,?,?,?,?,?,?,?,?,?,?,?,?,?,?,?,?,?,?,?,?,?,?,?,?,?,?,?,?,?,?,?,?,?,?,?,?,?,?,?,?,?,?,?,?,?,?,?,?,?,?,?,?,?,?,?,?,?,?,?,?,?,?,?,?,?,?,?,?,?,?,?,?,?,?,?,?,?,?,?,?,?,?,?,?,?,?,?,?,?,?,?,,,,,,,,,,,,,,
5a0b4ea92d47904af1b93f79,?,?,?,?,?,?,?,?,?,?,?,?,?,?,?,?,?,?,?,?,?,?,?,?,?,?,?,?,?,?,?,?,?,?,?,?,?,?,?,?,?,?,?,?,?,?,?,?,?,?,?,?,?,?,?,?,?,?,?,?,?,?,?,?,?,?,?,?,?,?,?,?,?,?,?,?,?,?,?,?,?,?,?,?,?,?,?,?,?,?,?,?,?,?,?,?,?,?,?,?,?,?,?,?,?,?,?,?,?,?,?,?,?,?,?,?,?,?,?,?,?,?,?,?,?,?,?,?,?,?,?,?,?,?,?,?,?,?,?,?,?,?,?,?,?,?,?,?,?,?,?,?,?,?,?,?,?,?,?,?,?,?,?,?,?,?,?,?,?,?,?,?,?,?,?,?,?,?,?,?,?,?,?,?,?,?,?,?,?,?,?,?,?,?,?,?,?,?,?,?,?,?,?,?,?,?,?,?,?,?,?,?,?,?,?,?,?,?,?,?,?,?,?,?,?,?,?,?,?,?,?,?,?,?,?,?,?,?,?,?,?,?,?,?,?,?,?,?,?,?,?,?,?,?,?,?,?,?,?,?,?,?,?,?,?,?,?,?,?,?,?,?,?,?,?,?,?,?,?,?,?,?,?,?,?,?,?,?,?,?,?,?,?,?,?,?,?,?,?,?,?,?,?,?,?,?,?,?,?,?,?,?,?,?,?,?,?,?,?,?,?,?,?,?,?,?,?,?,?,?,?,?,?,?,?,?,?,?,?,?,?,?,?,?,?,?,?,?,?,?,?,?,?,?,?,?,?,?,?,?,?,?,?,?,?,?,?,?,?,?,?,?,?,?,?,?,,,,,,,,,,,,,,
5a0b68452d47904af1b93f7a,?,?,?,?,?,?,?,?,?,?,?,?,?,?,?,?,?,?,?,?,?,?,?,?,?,?,?,?,?,?,?,?,?,?,?,?,?,?,?,?,?,?,?,?,?,?,?,?,?,?,?,?,?,?,?,?,?,?,?,?,?,?,1,?,?,?,?,?,?,?,?,?,?,?,?,1,?,?,?,?,?,?,?,?,?,?,?,?,?,?,?,?,?,?,?,?,1,?,?,?,?,?,1,?,?,?,?,?,?,?,?,?,?,?,?,?,?,?,?,?,?,?,?,?,?,?,?,?,?,?,?,?,?,?,?,?,?,?,?,?,?,?,0,1,1,1,1,1,?,?,?,?,?,?,?,?,?,?,?,?,?,?,?,?,?,?,?,?,?,?,?,?,?,?,?,?,?,?,?,?,?,?,?,?,?,?,?,?,?,?,?,?,?,?,?,?,?,?,?,?,?,?,?,?,?,?,?,?,?,?,?,?,?,?,?,?,?,?,?,?,?,?,?,?,?,?,?,?,?,?,?,?,?,?,?,?,?,?,?,?,?,?,?,?,?,?,?,?,?,?,?,?,?,?,?,?,?,?,?,?,?,?,?,?,?,?,?,?,?,?,?,?,?,?,?,?,?,?,?,?,?,?,?,?,?,?,?,?,?,?,?,?,?,?,?,?,?,?,?,?,?,?,?,?,?,?,?,?,?,?,?,?,?,?,?,?,?,?,?,?,?,?,?,?,?,?,?,?,?,?,?,?,?,?,?,?,?,?,?,?,?,?,?,?,?,?,?,?,?,?,?,?,?,?,?,?,?,?,?,?,?,?,?,?,?,?,?,?,?,?,?,?,?,?,?,?,,,,,,,,,,,,,,
5a0b6f282d47904af1b93f7b,?,?,?,?,?,?,?,?,?,?,?,?,?,?,?,?,?,?,?,?,?,?,?,?,?,?,?,?,?,?,?,?,?,?,?,?,?,?,?,?,?,?,?,?,?,?,?,?,?,?,?,?,?,?,?,?,?,?,?,?,?,?,?,?,?,?,?,?,?,?,?,?,?,?,?,?,?,?,?,?,?,?,?,?,?,?,?,?,?,?,?,?,?,?,?,?,?,?,?,?,?,?,?,?,?,?,?,?,?,?,?,?,?,?,?,?,?,?,?,?,?,?,?,?,?,?,?,?,?,?,?,?,?,?,?,?,?,?,?,?,?,?,?,?,?,?,?,?,0,0,0,1,1,1,0,1,?,?,?,?,?,?,?,?,?,?,?,?,?,?,?,?,?,?,?,?,?,?,?,?,?,?,?,?,?,?,?,?,?,?,?,?,?,?,?,?,?,?,?,?,?,?,?,?,?,?,?,?,?,?,?,?,?,?,?,?,?,?,?,?,?,?,?,?,?,?,?,?,?,?,?,?,?,?,?,?,?,?,?,?,?,?,?,?,?,?,?,?,?,?,?,?,?,?,?,?,?,?,?,?,?,?,?,?,?,?,?,?,?,?,?,?,?,?,?,?,?,?,?,?,?,?,?,?,?,?,?,?,?,?,?,?,?,?,?,?,?,?,?,?,?,?,?,?,?,?,?,?,?,?,?,?,?,?,?,?,?,?,?,?,?,?,?,?,?,?,?,?,?,?,?,?,?,?,?,?,?,?,?,?,?,?,?,?,?,?,?,?,?,?,?,?,?,?,?,?,?,?,?,?,?,?,?,?,?,?,?,?,?,?,?,?,?,?,?,?,,,,,,,,,,,,,,
5a0b70bc2d47904af1b93f7c,?,?,0,?,?,?,?,?,?,?,?,?,?,?,?,?,?,?,?,0,?,?,?,?,?,?,?,?,?,?,?,?,?,?,?,?,?,?,?,?,?,?,?,?,?,0,?,?,?,?,?,?,?,?,?,?,?,?,?,?,?,?,?,?,?,?,?,?,?,?,?,?,?,?,?,?,?,?,?,?,?,?,?,?,?,?,?,?,?,?,?,?,?,?,?,?,?,?,0,?,?,?,?,?,?,?,?,?,?,?,1,?,?,?,?,?,?,?,?,?,?,?,?,?,?,?,?,?,?,?,?,?,?,?,?,?,?,?,?,?,?,?,?,?,?,?,?,?,?,?,?,?,?,?,?,?,0,0,0,0,0,0,0,0,0,1,0,0,0,0,1,1,0,0,1,?,?,?,?,?,?,?,?,?,?,?,?,?,?,?,?,?,?,?,?,?,?,?,?,?,?,?,?,?,?,?,?,?,?,?,?,?,?,?,?,?,?,?,?,?,?,?,?,?,?,?,?,?,?,?,?,?,?,?,?,?,?,?,?,?,?,?,?,?,?,?,?,?,?,?,?,?,?,?,?,?,?,?,?,?,?,?,?,?,?,?,?,?,?,?,?,?,?,?,?,?,?,?,?,?,?,?,?,?,?,?,?,?,?,?,?,?,?,?,?,?,?,?,?,?,?,?,?,?,?,?,?,?,?,?,?,?,?,?,?,?,?,?,?,?,?,?,?,?,?,?,?,?,?,?,?,?,?,?,?,?,?,?,?,?,?,?,?,?,?,?,?,?,?,?,?,?,?,?,?,?,?,?,?,?,?,?,?,?,?,?,?,?,?,?,?,?,?,?,?,?,,,,,,,,,,,,,,
5a0baa6a2d47904af1b93f7d,?,?,?,?,?,?,?,?,?,?,?,?,?,?,?,?,?,?,?,?,?,?,?,?,?,?,?,?,?,?,?,?,?,?,?,?,?,?,?,?,?,?,?,?,?,?,?,?,?,?,?,?,1,?,?,?,0,?,?,?,?,?,?,?,?,?,?,?,?,?,?,?,?,?,?,?,?,?,?,?,?,?,?,?,?,?,?,?,?,?,1,?,?,?,?,?,?,?,?,?,?,?,?,?,?,?,?,?,?,1,?,?,?,?,?,?,?,?,?,?,?,?,?,?,?,?,?,?,?,?,?,?,?,?,?,?,?,?,?,?,?,?,?,?,?,?,?,?,?,?,?,?,0,?,?,?,?,?,?,?,?,?,?,?,?,?,?,?,?,?,?,?,?,?,?,0,1,1,1,1,1,1,1,0,1,1,?,?,?,?,?,?,?,?,?,?,?,?,?,?,?,?,?,?,?,?,?,?,?,?,?,?,?,?,?,?,?,?,?,?,?,?,?,?,?,?,?,?,?,?,?,?,?,?,?,?,?,?,?,?,?,?,?,?,?,?,?,?,?,?,?,?,?,?,?,?,?,?,?,?,?,?,?,?,?,?,?,?,?,?,?,?,?,?,?,?,?,?,?,?,?,?,?,?,?,?,?,?,?,?,?,?,?,?,?,?,?,?,?,?,?,?,?,?,?,?,?,?,?,?,?,?,?,?,?,?,?,?,?,?,?,?,?,?,?,?,?,?,?,?,?,?,?,?,?,?,?,?,?,?,?,?,?,?,?,?,?,?,?,?,?,?,?,?,?,?,?,?,?,?,?,?,?,?,?,?,?,?,?,?,?,?,?,?,?,?,,,,,,,,,,,,,,
5a0c4e8e2d47904af1b93f7e,?,?,?,?,?,?,?,?,?,1,?,?,?,?,?,?,?,?,?,?,?,?,?,?,?,?,?,?,?,?,?,?,?,?,?,?,?,?,?,?,?,?,?,?,?,?,?,?,?,?,?,?,?,?,?,?,?,?,?,?,?,?,?,?,?,?,?,?,?,0,?,?,?,?,?,?,?,?,?,?,?,?,?,?,?,?,?,?,?,?,?,?,?,?,?,?,?,?,?,?,0,?,?,?,?,?,?,0,?,?,?,?,?,?,?,1,0,?,?,?,?,?,?,?,?,?,?,?,?,?,?,?,?,?,?,?,?,?,?,?,?,?,?,?,?,?,1,?,?,?,?,?,?,?,?,?,?,?,?,?,?,?,1,?,?,?,?,?,?,?,?,?,?,?,?,?,?,?,?,?,?,?,0,?,?,?,1,0,0,1,1,1,0,1,1,?,?,?,?,?,?,?,?,?,?,?,?,?,?,?,?,?,?,?,?,?,?,?,?,?,?,?,?,?,?,?,?,?,?,?,?,?,?,?,?,?,?,?,?,?,?,?,?,?,?,?,?,?,?,?,?,?,?,?,?,?,?,?,?,?,?,?,?,?,?,?,?,?,?,?,?,?,?,?,?,?,?,?,?,?,?,?,?,?,?,?,?,?,?,?,?,?,?,?,?,?,?,?,?,?,?,?,?,?,?,?,?,?,?,?,?,?,?,?,?,?,?,?,?,?,?,?,?,?,?,?,?,?,?,?,?,?,?,?,?,?,?,?,?,?,?,?,?,?,?,?,?,?,?,?,?,?,?,?,?,?,?,?,?,?,?,?,?,?,?,?,?,?,?,?,?,?,?,?,?,?,,,,,,,,,,,,,,
5a0cb1512d47904af1b93f7f,?,?,?,?,?,?,?,?,?,?,?,?,?,?,?,?,?,?,?,?,?,?,?,?,?,?,?,?,?,?,?,?,?,?,?,?,?,?,?,?,?,?,?,?,?,?,?,?,?,?,?,?,0,?,?,?,?,?,?,?,?,?,?,?,?,?,?,?,?,?,?,?,?,?,?,?,?,?,?,?,?,?,?,?,?,?,?,?,?,?,?,?,?,?,?,?,?,?,1,?,?,?,?,?,?,?,?,?,?,?,?,?,?,?,0,?,?,?,?,?,?,?,?,?,?,?,?,?,?,?,?,?,?,?,?,?,?,?,?,?,?,?,?,?,?,?,?,?,?,?,?,?,?,?,?,?,?,?,?,?,?,?,?,?,?,0,?,0,?,?,?,?,?,?,?,?,?,?,?,?,?,?,?,?,?,0,?,?,?,?,?,?,?,?,?,1,1,1,1,0,1,0,0,1,0,?,?,?,?,?,?,?,?,?,?,?,?,?,?,?,?,?,?,?,?,?,?,?,?,?,?,?,?,?,?,?,?,?,?,?,?,?,?,?,?,?,?,?,?,?,?,?,?,?,?,?,?,?,?,?,?,?,?,?,?,?,?,?,?,?,?,?,?,?,?,?,?,?,?,?,?,?,?,?,?,?,?,?,?,?,?,?,?,?,?,?,?,?,?,?,?,?,?,?,?,?,?,?,?,?,?,?,?,?,?,?,?,?,?,?,?,?,?,?,?,?,?,?,?,?,?,?,?,?,?,?,?,?,?,?,?,?,?,?,?,?,?,?,?,?,?,?,?,?,?,?,?,?,?,?,?,?,?,?,?,?,?,?,?,?,?,?,?,?,?,?,,,,,,,,,,,,,,
5a0cce5f2d47904af1b93f80,?,?,?,?,?,?,?,?,?,?,?,?,?,?,?,?,?,?,?,?,?,?,?,?,?,?,?,?,?,?,?,?,?,?,?,?,?,?,?,?,?,?,?,?,?,?,?,?,?,?,?,?,?,?,?,?,?,?,?,?,?,?,?,?,?,?,?,?,?,?,?,?,?,?,?,?,?,?,?,?,?,?,1,?,?,?,?,?,?,?,?,?,?,?,?,?,?,?,?,?,?,?,?,?,?,?,?,?,?,?,?,1,?,?,?,?,?,?,?,?,?,?,?,?,?,?,?,?,?,?,?,?,?,?,?,?,?,?,?,?,?,?,?,?,?,?,?,?,?,?,?,?,1,?,?,?,?,?,?,?,?,?,?,?,?,?,?,?,?,?,?,?,?,?,?,?,?,?,?,?,?,?,?,1,?,?,?,?,?,1,?,?,?,?,?,?,?,?,?,?,?,?,?,?,?,1,1,0,?,?,?,?,?,?,?,?,?,?,?,?,?,?,?,?,?,?,?,?,?,?,?,?,?,?,?,?,?,?,?,?,?,?,?,?,?,?,?,?,?,?,?,?,?,?,?,?,?,?,?,?,?,?,?,?,?,?,?,?,?,?,?,?,?,?,?,?,?,?,?,?,?,?,?,?,?,?,?,?,?,?,?,?,?,?,?,?,?,?,?,?,?,?,?,?,?,?,?,?,?,?,?,?,?,?,?,?,?,?,?,?,?,?,?,?,?,?,?,?,?,?,?,?,?,?,?,?,?,?,?,?,?,?,?,?,?,?,?,?,?,?,?,?,?,?,?,?,?,?,?,?,?,?,?,?,?,?,?,?,?,?,?,?,?,?,?,?,,,,,,,,,,,,,,
5a11f3ba2d47904af1b93f81,?,?,?,?,?,?,?,?,?,?,?,?,?,?,?,?,?,?,?,?,?,?,?,?,?,?,?,?,?,?,?,?,?,?,?,?,?,?,?,?,?,?,?,?,?,?,?,?,?,?,?,?,?,?,?,?,?,?,?,?,?,?,?,?,?,?,?,?,?,?,?,?,?,?,?,?,?,?,?,?,?,?,?,?,?,?,?,?,?,?,?,?,?,?,?,?,?,?,?,?,?,?,?,?,?,?,?,?,?,?,?,?,?,?,?,?,?,?,?,?,?,?,?,?,?,?,?,?,?,?,?,?,?,?,?,?,?,?,?,?,?,?,?,?,?,?,?,?,?,?,?,?,?,?,?,?,?,?,?,?,?,?,?,?,?,?,?,?,?,?,?,?,?,?,?,?,?,?,?,?,?,?,?,?,?,?,?,?,?,?,?,?,?,?,?,?,?,?,?,?,?,?,?,?,?,?,?,?,1,1,1,0,0,0,?,?,?,?,?,?,?,?,?,?,?,?,?,?,?,?,?,?,?,?,?,?,?,?,?,?,?,?,?,?,?,?,?,?,?,?,?,?,?,?,?,?,?,?,?,?,?,?,?,?,?,?,?,?,?,?,?,?,?,?,?,?,?,?,?,?,?,?,?,?,?,?,?,?,?,?,?,?,?,?,?,?,?,?,?,?,?,?,?,?,?,?,?,?,?,?,?,?,?,?,?,?,?,?,?,?,?,?,?,?,?,?,?,?,?,?,?,?,?,?,?,?,?,?,?,?,?,?,?,?,?,?,?,?,?,?,?,?,?,?,?,?,?,?,?,?,?,?,?,?,?,?,?,?,?,?,?,?,?,?,?,?,,,,,,,,,,,,,,
5a1305302d47904af1b93f82,?,?,?,?,?,?,?,?,?,?,?,?,?,?,?,?,?,?,?,?,?,?,?,?,?,?,?,?,?,?,?,?,?,?,?,?,?,?,?,?,?,?,?,?,0,?,?,?,?,?,?,?,?,?,?,?,?,?,?,?,?,?,?,?,?,?,?,?,?,?,?,?,?,?,?,?,?,?,?,?,?,?,?,?,?,?,?,?,?,?,?,?,?,?,?,?,?,?,?,?,?,?,?,?,?,?,?,?,?,?,?,?,?,?,?,?,?,?,0,?,?,?,?,?,?,?,?,?,?,?,?,?,?,?,?,?,?,?,?,?,?,?,?,?,?,?,?,?,?,?,?,?,?,?,?,?,?,?,?,?,?,?,?,?,?,?,?,?,?,?,?,?,?,?,?,?,?,?,?,?,?,?,?,?,?,?,?,?,?,?,?,?,?,?,?,?,?,?,?,?,?,?,?,?,?,?,?,?,?,?,?,?,?,?,0,0,1,1,0,1,?,?,?,?,?,?,?,?,?,?,?,?,?,?,?,?,?,?,?,?,?,?,?,?,?,?,?,?,?,?,?,?,?,?,?,?,?,?,?,?,?,?,?,?,?,?,?,?,?,?,?,?,?,?,?,?,?,?,?,?,?,?,?,?,?,?,?,?,?,?,?,?,?,?,?,?,?,?,?,?,?,?,?,?,?,?,?,?,?,?,?,?,?,?,?,?,?,?,?,?,?,?,?,?,?,?,?,?,?,?,?,?,?,?,?,?,?,?,?,?,?,?,?,?,?,?,?,?,?,?,?,?,?,?,?,?,?,?,?,?,?,?,?,?,?,?,?,?,?,?,?,?,?,?,?,?,,,,,,,,,,,,,,
5a1aeeb12d47904af1b93f83,?,?,?,1,?,?,?,?,?,?,?,?,?,?,?,?,?,?,?,?,?,?,?,?,?,?,?,?,1,?,?,?,?,?,?,?,?,?,?,?,?,?,?,?,?,?,?,?,?,?,0,?,?,?,?,?,?,?,?,?,?,?,?,?,?,?,?,?,?,?,?,1,?,?,?,?,?,?,?,?,?,?,?,?,?,?,?,0,?,1,?,?,?,?,?,?,?,?,?,?,?,?,?,?,?,?,?,?,?,?,?,?,?,?,?,?,?,?,?,?,?,?,?,?,?,?,?,?,?,?,?,?,?,?,?,?,?,?,?,?,?,?,?,?,?,?,?,?,?,?,?,?,1,1,?,?,?,?,?,?,?,?,?,?,?,?,?,?,?,?,?,?,?,?,?,?,?,?,?,?,?,?,?,?,?,?,?,?,?,?,?,?,?,?,?,?,?,?,?,?,?,?,?,?,?,?,?,?,?,?,?,1,?,?,?,?,?,?,?,?,1,0,0,1,1,1,1,1,0,1,1,1,1,0,0,0,0,?,?,?,?,?,?,?,?,?,?,?,?,?,?,?,?,?,?,?,?,?,?,?,?,?,?,?,?,?,?,?,?,?,?,?,?,?,?,?,?,?,?,?,?,?,?,?,?,?,?,?,?,?,?,?,?,?,?,?,?,?,?,?,?,?,?,?,?,?,?,?,?,?,?,?,?,?,?,?,?,?,?,?,?,?,?,?,?,?,?,?,?,?,?,?,?,?,?,?,?,?,?,?,?,?,?,?,?,?,?,?,?,?,?,?,?,?,?,?,?,?,?,?,?,?,?,?,?,?,?,?,?,?,?,?,?,?,?,?,,,,,,,,,,,,,,
5a20a4562d47904af1b93f84,?,?,?,?,?,?,?,?,?,?,?,?,?,?,?,?,?,?,?,?,?,?,?,?,1,?,?,?,?,?,?,?,?,?,?,?,?,?,?,?,?,?,?,?,?,?,?,?,?,?,?,?,?,?,?,?,?,?,?,?,?,?,?,?,?,?,?,?,?,?,?,?,1,?,?,?,?,?,?,?,?,?,?,?,?,?,?,?,?,?,?,?,?,?,?,?,?,?,?,?,?,?,?,?,0,?,?,?,?,?,?,?,?,?,?,?,?,?,?,?,?,?,?,?,?,?,?,?,?,?,?,?,?,?,?,?,?,?,?,?,?,?,?,?,?,?,?,?,?,?,?,?,?,?,?,?,?,?,?,?,?,?,?,?,?,?,?,?,?,?,?,?,?,0,?,?,?,?,?,?,?,?,?,?,?,?,1,?,?,?,?,?,?,?,?,?,?,?,?,?,?,?,?,?,?,?,?,?,?,?,?,?,?,?,?,?,?,?,?,1,?,?,?,?,?,?,?,?,?,?,?,?,?,?,?,?,0,0,1,0,1,0,1,1,0,0,1,?,?,?,?,?,?,?,?,?,?,?,?,?,?,?,?,?,?,?,?,?,?,?,?,?,?,?,?,?,?,?,?,?,?,?,?,?,?,?,?,?,?,?,?,?,?,?,?,?,?,?,?,?,?,?,?,?,?,?,?,?,?,?,?,?,?,?,?,?,?,?,?,?,?,?,?,?,?,?,?,?,?,?,?,?,?,?,?,?,?,?,?,?,?,?,?,?,?,?,?,?,?,?,?,?,?,?,?,?,?,?,?,?,?,?,?,?,?,?,?,?,?,?,?,?,?,?,?,?,,,,,,,,,,,,,,
5a2719cb2d47904af1b93f85,?,?,?,?,?,?,?,?,?,1,?,0,?,?,?,?,?,?,?,?,?,?,?,?,?,?,?,?,?,?,?,?,?,?,1,?,0,?,?,?,?,?,?,?,?,?,?,?,?,?,?,?,?,?,?,?,?,?,?,?,?,?,?,?,?,?,?,?,?,?,?,?,?,?,?,?,?,?,?,?,?,?,?,?,?,?,?,?,?,?,?,?,?,?,?,?,?,?,?,?,?,?,1,?,?,?,?,?,?,?,?,?,?,?,?,?,?,?,?,?,?,?,?,?,?,?,?,?,?,?,?,?,?,?,?,?,?,?,?,?,?,?,?,?,?,?,?,?,?,?,?,?,?,?,?,?,?,?,?,?,?,?,?,?,?,?,?,?,?,?,?,?,?,?,?,?,?,?,?,?,?,?,?,?,?,?,?,?,?,?,?,?,?,?,?,?,?,?,?,?,?,?,?,?,?,?,?,?,?,?,?,?,?,?,?,?,?,?,?,?,?,?,?,?,?,?,?,?,?,?,?,?,?,?,?,?,?,?,?,?,?,?,?,?,?,?,?,1,1,1,?,?,?,?,?,?,?,?,?,?,?,?,?,?,?,?,?,?,?,?,?,?,?,?,?,?,?,?,?,?,?,?,?,?,?,?,?,?,?,?,?,?,?,?,?,?,?,?,?,?,?,?,?,?,?,?,?,?,?,?,?,?,?,?,?,?,?,?,?,?,?,?,?,?,?,?,?,?,?,?,?,?,?,?,?,?,?,?,?,?,?,?,?,?,?,?,?,?,?,?,?,?,?,?,?,?,?,?,?,?,?,?,?,?,?,?,?,?,?,?,?,?,?,?,?,?,,,,,,,,,,,,,,
5a344bdd7626e8051e2167fe,?,?,?,?,?,?,?,?,?,?,?,?,?,?,?,?,?,?,?,?,?,?,?,?,?,?,?,?,?,?,?,?,?,?,?,?,?,?,?,?,?,?,?,?,?,?,?,?,?,?,?,?,?,?,?,?,?,?,?,?,?,?,0,?,?,?,?,?,?,?,?,?,?,?,?,?,?,?,?,?,?,?,?,?,?,?,?,?,?,?,?,?,?,?,?,?,?,?,?,?,?,?,?,?,?,?,?,?,?,?,?,?,?,?,?,?,?,?,?,?,?,?,?,?,?,?,?,?,?,?,?,?,?,?,?,?,?,?,?,?,?,?,?,?,?,?,?,?,?,?,?,?,?,?,?,?,?,?,1,?,?,?,?,?,1,?,?,?,?,?,?,?,?,?,?,?,?,?,?,?,?,?,?,?,?,?,?,?,?,?,?,?,?,?,?,?,?,?,?,?,?,?,?,?,?,?,?,?,?,?,?,?,?,?,?,?,?,?,?,?,?,?,1,?,?,?,?,?,?,?,?,?,?,?,?,?,?,?,?,?,?,?,?,?,?,?,?,?,?,?,0,1,0,1,?,?,?,?,?,?,?,?,?,?,?,?,?,?,?,?,?,?,?,?,?,?,?,?,?,?,?,?,?,?,?,?,?,?,?,?,?,?,?,?,?,?,?,?,?,?,?,?,?,?,?,?,?,?,?,?,?,?,?,?,?,?,?,?,?,?,?,?,?,?,?,?,?,?,?,?,?,?,?,?,?,?,?,?,?,?,?,?,?,?,?,?,?,?,?,?,?,?,?,?,?,?,?,?,?,?,?,?,?,?,?,?,?,?,?,?,?,?,?,?,?,?,,,,,,,,,,,,,,
5aa84145e9835740b66d580a,?,1,?,?,?,?,?,0,?,0,1,?,?,?,0,?,?,?,?,?,?,?,0,?,?,0,?,?,?,?,?,?,?,0,?,1,?,?,0,1,?,?,1,?,?,?,0,?,?,?,?,?,?,?,?,?,?,?,?,?,?,?,0,?,?,?,?,?,?,?,?,0,?,1,0,?,?,?,?,1,?,?,?,?,0,?,?,?,?,0,?,?,0,0,0,?,1,?,?,?,?,?,?,0,?,?,?,?,?,?,?,?,?,?,?,?,1,0,?,?,?,?,?,?,?,?,?,?,?,1,?,?,?,0,?,0,?,?,?,0,?,?,?,1,?,?,?,?,?,?,?,?,?,?,?,?,1,?,?,0,?,?,?,?,?,?,?,0,?,0,?,?,?,0,?,?,?,0,?,1,?,?,?,?,?,?,?,?,?,?,?,?,0,?,?,?,?,?,?,?,?,0,1,?,?,0,0,?,?,?,?,?,?,?,?,1,?,?,?,0,?,?,0,?,?,0,?,1,0,?,?,?,?,?,?,?,?,?,?,0,?,?,0,1,1,?,?,?,?,?,0,?,?,?,1,0,0,0,0,0,0,0,0,1,0,0,0,0,1,0,1,0,0,0,0,0,1,0,0,1,0,0,0,1,1,1,0,0,0,0,1,0,0,0,1,0,0,0,1,1,1,0,0,1,0,1,1,0,0,0,1,1,1,0,0,1,1,?,?,?,?,?,?,?,?,?,?,?,?,?,?,?,?,?,?,?,?,?,?,?,?,?,?,?,?,?,?,?,?,?,?,?,?,?,?,?,?,?,?,?,?,?,?,?,?,?,?,?,?,?,?,?,?,?,?,?,,,,,,,,,,,,,,
5aa84320e9835740b66d580b,?,?,?,?,?,?,?,?,?,?,?,?,?,?,?,?,?,?,?,?,?,?,?,?,?,?,?,?,?,?,?,?,?,?,?,?,?,?,?,?,?,?,?,?,?,?,?,1,?,?,?,?,?,?,?,?,?,?,?,?,?,?,?,?,?,?,?,?,?,?,?,?,?,?,?,?,?,?,?,?,?,?,?,?,?,?,?,?,?,?,?,?,?,?,?,?,?,?,?,?,?,?,?,?,?,?,?,?,?,?,?,?,?,?,?,?,?,?,?,?,?,?,?,0,?,?,?,?,?,?,?,?,?,?,?,?,?,?,?,?,?,?,0,?,?,?,?,?,?,?,?,?,?,?,?,?,?,?,?,?,?,?,?,?,?,?,?,?,?,?,?,?,?,?,?,?,?,?,?,?,?,?,?,?,?,?,?,?,?,?,?,?,?,?,?,?,?,?,?,?,?,?,?,?,?,?,?,?,?,?,?,?,?,?,?,?,?,?,?,?,?,?,?,?,?,?,?,?,?,?,?,?,1,?,?,?,0,?,?,?,?,?,?,?,?,?,?,?,?,?,?,?,?,?,?,?,?,?,?,?,?,?,?,?,?,?,?,?,?,?,?,?,?,?,?,?,?,?,?,?,?,?,?,?,?,?,?,?,?,?,?,?,?,?,?,?,?,?,?,?,?,?,?,?,?,?,?,?,?,?,?,?,?,?,?,?,?,0,1,1,?,?,?,?,?,?,?,?,?,?,?,?,?,?,?,?,?,?,?,?,?,?,?,?,?,?,?,?,?,?,?,?,?,?,?,?,?,?,?,?,?,?,?,?,?,?,?,?,?,?,?,?,?,?,?,?,,,,,,,,,,,,,,
5aa84409e9835740b66d580c,?,?,?,?,?,?,?,?,?,?,?,?,?,?,?,?,?,?,?,?,?,?,?,?,?,?,?,?,?,?,?,?,?,?,?,?,?,?,?,?,?,?,?,?,?,?,?,?,?,?,?,?,?,?,?,?,1,?,?,?,?,?,?,?,?,?,?,?,?,1,?,?,?,?,?,?,?,?,?,?,?,1,?,?,?,?,?,?,?,?,?,?,?,?,?,?,?,0,?,?,?,?,?,?,?,?,?,?,?,?,?,?,?,?,?,?,?,?,?,?,?,?,?,?,?,?,?,?,?,?,?,?,?,?,?,?,?,0,?,?,?,?,?,?,?,?,?,?,?,?,?,?,?,?,0,?,?,?,?,?,?,?,?,?,?,?,?,?,?,?,?,?,?,?,?,?,?,?,?,?,?,?,?,?,?,?,?,?,?,?,?,?,?,?,?,?,?,?,?,?,1,?,?,?,?,?,?,?,?,?,1,?,?,?,?,?,?,?,?,?,0,?,?,?,?,?,?,?,?,?,?,?,?,?,?,?,?,?,?,?,?,?,?,?,?,?,?,?,?,?,?,?,?,?,?,?,?,?,?,?,?,?,?,0,?,?,?,?,?,?,?,?,?,?,?,?,?,?,?,?,?,?,?,?,?,?,?,?,?,?,?,0,?,?,?,?,?,?,?,?,?,?,?,?,?,?,?,?,?,?,?,?,?,?,?,?,?,?,0,0,1,0,1,?,?,?,?,?,?,?,?,?,?,?,?,?,?,?,?,?,?,?,?,?,?,?,?,?,?,?,?,?,?,?,?,?,?,?,?,?,?,?,?,?,?,?,?,?,?,?,?,?,?,?,?,?,,,,,,,,,,,,,,
5aa845c0e9835740b66d580d,?,?,?,?,?,?,?,?,?,?,?,?,?,?,?,?,?,?,?,?,?,?,?,?,?,?,?,?,1,?,?,?,?,?,?,?,?,?,?,?,?,?,?,?,?,?,?,?,?,?,?,?,?,?,?,?,?,?,?,?,?,?,?,?,?,?,?,?,?,?,?,?,?,?,?,?,?,?,?,?,?,?,?,1,0,?,?,0,?,?,?,?,?,?,?,?,?,?,?,?,?,1,?,?,?,?,?,1,?,?,?,?,?,?,?,?,1,?,?,?,?,?,?,?,?,?,?,?,?,?,?,?,?,?,?,?,?,?,?,1,?,?,?,?,?,?,?,?,?,?,?,?,?,?,?,?,?,?,?,?,?,?,?,0,1,?,0,?,?,?,?,?,?,?,?,?,?,?,?,?,?,?,?,?,?,?,1,?,0,?,?,?,?,?,?,?,?,?,?,?,?,?,?,?,?,?,?,?,?,?,?,?,?,?,?,?,?,?,?,?,?,?,?,?,?,?,?,?,?,?,?,?,?,?,?,?,?,?,?,?,?,?,?,?,?,?,?,?,?,?,?,?,?,?,?,?,?,?,?,?,?,?,?,?,?,?,?,?,?,?,?,0,?,?,?,?,?,?,?,?,?,?,?,?,?,?,?,?,?,?,?,0,?,?,?,?,?,?,?,?,?,?,?,?,?,?,?,?,?,?,?,?,?,?,?,0,?,?,?,?,?,1,?,0,1,0,?,?,?,?,?,?,?,?,?,?,?,?,?,?,?,?,?,?,?,?,?,?,?,?,?,?,?,?,?,?,?,?,?,?,?,?,?,?,?,?,?,?,?,?,?,?,?,?,?,?,,,,,,,,,,,,,,
5aa845ece9835740b66d580e,?,?,?,?,?,?,?,?,?,?,?,?,?,?,?,?,?,?,?,?,?,?,?,?,?,?,?,?,?,?,?,?,?,?,?,?,?,?,?,?,?,?,?,?,?,?,?,?,?,?,?,?,?,?,?,?,?,?,?,?,?,?,?,?,?,?,?,?,?,?,?,?,?,?,?,?,?,?,?,?,?,?,?,?,?,?,1,?,?,?,?,?,?,?,1,?,?,?,?,?,?,?,?,?,?,?,?,?,?,?,1,?,?,?,?,?,?,?,?,?,?,?,?,?,?,?,?,?,?,?,?,?,?,?,?,?,?,?,?,?,?,?,?,?,?,?,?,?,?,?,?,?,?,?,?,?,?,?,?,?,?,?,?,?,?,?,?,?,1,?,?,?,?,?,?,?,?,?,?,?,?,?,?,?,?,1,?,?,?,?,?,?,?,?,?,?,?,?,?,?,?,?,?,1,?,?,?,?,?,?,?,?,?,?,?,?,?,?,?,1,?,?,?,?,0,?,?,?,?,?,?,?,?,?,?,?,?,?,?,?,?,?,?,?,?,?,?,?,?,?,?,?,?,?,?,?,?,?,?,?,?,?,?,?,?,?,?,?,?,?,?,?,?,?,?,?,?,?,?,?,?,?,?,?,?,?,?,?,?,?,?,?,?,?,?,?,?,?,?,?,1,?,?,?,?,?,?,?,?,?,?,?,?,?,?,?,?,?,?,?,1,?,?,?,?,?,1,0,0,1,1,?,?,?,?,?,?,?,?,?,?,?,?,?,?,?,?,?,?,?,?,?,?,?,?,?,?,?,?,?,?,?,?,?,?,?,?,?,?,?,?,?,?,?,?,?,,,,,,,,,,,,,,
5aa85370e9835740b66d580f,?,?,?,?,?,?,?,?,?,?,?,?,1,?,?,?,?,?,?,?,?,?,?,?,?,?,?,?,?,?,?,?,?,?,?,?,?,?,?,?,?,?,?,?,?,?,?,?,?,?,?,?,?,?,?,?,?,?,?,?,?,?,?,?,?,?,?,?,?,?,?,?,?,?,1,?,?,?,?,?,?,?,?,?,?,?,?,?,?,?,?,?,?,?,?,?,?,?,?,?,?,?,?,?,?,?,?,?,?,?,?,?,?,?,?,?,?,?,?,?,?,?,?,?,?,?,?,?,?,?,?,?,?,?,?,?,?,?,1,?,?,?,?,?,?,?,?,?,?,?,?,?,?,?,?,?,?,?,?,?,?,?,?,1,?,?,?,?,?,?,?,?,?,?,?,?,?,?,?,?,?,?,?,?,?,?,?,?,?,?,?,?,?,?,?,?,?,?,?,?,?,?,?,?,?,?,?,?,?,?,?,?,?,?,?,?,?,?,?,?,?,?,?,?,?,?,?,?,?,?,?,?,?,?,?,?,?,?,1,?,?,?,?,?,?,?,?,?,?,?,?,?,?,?,?,?,?,?,?,?,?,?,?,?,?,?,?,?,?,?,?,?,?,?,?,?,?,?,?,?,?,?,?,?,?,?,?,?,?,?,?,?,?,?,?,?,?,?,?,?,?,?,?,?,?,?,?,?,?,?,?,?,?,?,?,?,?,?,?,?,?,?,?,?,?,?,?,?,?,?,?,0,1,1,?,?,?,?,?,?,?,?,?,?,?,?,?,?,?,?,?,?,?,?,?,?,?,?,?,?,?,?,?,?,?,?,?,?,?,?,?,?,?,?,?,?,,,,,,,,,,,,,,
5aa86c6ce9835740b66d5810,?,?,?,?,?,1,?,?,?,0,?,?,?,?,1,?,0,?,?,1,?,?,?,?,1,?,0,?,?,1,?,?,?,?,?,?,0,?,?,?,?,?,?,?,0,?,?,?,?,?,?,?,?,1,?,?,?,?,?,?,?,?,?,?,?,?,1,?,?,0,?,0,?,?,?,?,?,?,1,1,?,1,1,?,?,?,?,1,?,?,?,?,?,?,?,?,?,?,?,0,?,1,?,?,?,?,?,?,0,1,?,?,?,?,?,?,?,?,1,1,?,?,1,?,?,?,?,?,1,?,?,?,?,?,?,?,1,1,?,?,?,?,?,?,?,?,?,?,?,?,?,?,?,?,1,?,?,?,?,?,?,?,?,?,?,?,?,?,?,?,?,?,?,?,0,?,?,?,?,?,1,?,?,?,1,0,?,0,?,?,1,1,0,1,0,1,1,?,?,?,?,?,?,?,?,?,1,?,?,?,0,?,?,?,?,?,?,?,1,1,?,?,?,?,?,?,?,?,?,?,?,?,?,?,?,?,?,?,?,?,?,?,?,?,?,?,?,0,?,?,?,?,?,?,?,0,?,?,?,?,?,0,?,?,?,?,?,?,1,?,?,0,?,?,0,?,?,?,?,?,?,?,0,?,?,?,?,?,?,1,?,?,?,?,?,?,?,?,?,?,?,?,?,?,0,?,0,1,?,?,?,?,1,?,?,1,?,?,?,?,0,?,?,?,?,?,0,?,?,?,1,?,?,?,0,1,1,1,1,1,0,0,1,0,1,1,0,1,0,1,1,1,1,1,0,0,0,1,1,0,1,1,1,1,1,1,0,1,0,0,0,1,?,?,?,?,,,,,,,,,,,,,,
5ab149ede9835740b66d5811,?,?,?,?,?,?,?,?,?,?,?,?,?,?,?,?,?,?,?,?,?,?,?,?,?,?,?,?,?,?,?,?,?,?,?,?,?,?,?,?,?,?,?,?,?,?,?,?,?,?,?,?,0,?,?,?,?,?,?,?,?,?,?,?,?,?,?,?,?,?,?,?,?,?,?,?,?,?,?,?,?,?,?,?,?,?,?,?,?,?,?,?,?,?,?,?,?,?,?,?,?,?,?,?,?,?,0,?,?,?,?,?,?,?,?,?,?,?,?,?,?,?,?,?,?,?,?,?,?,?,?,?,?,?,?,?,?,?,?,?,1,?,?,?,?,?,?,?,?,?,?,?,?,?,?,?,?,?,?,?,?,?,?,?,?,?,?,?,?,?,?,?,?,?,?,?,?,?,?,?,?,?,?,?,?,?,?,?,?,?,?,?,?,?,?,?,?,?,?,?,?,?,?,?,?,?,?,?,?,?,?,?,?,?,?,?,?,?,?,?,?,?,?,?,?,?,?,?,?,?,?,?,?,?,?,?,?,?,?,?,?,?,?,1,?,?,?,?,?,?,?,?,?,?,?,?,?,?,?,?,?,?,?,?,?,?,?,?,?,?,?,?,?,?,?,?,?,?,?,?,?,?,?,?,?,?,?,?,?,?,?,?,?,?,?,?,?,?,?,?,?,?,?,?,?,?,?,?,?,?,?,?,?,?,?,?,?,?,?,?,?,?,?,?,?,?,?,?,?,?,?,?,?,?,?,?,?,?,?,?,?,?,?,?,?,?,?,?,?,?,?,?,?,?,?,?,?,?,?,?,?,?,?,?,?,?,?,?,?,?,?,?,1,0,0,0,,,,,,,,,,,,,,
5ab16e041003ab122b14653f,?,?,?,?,?,?,?,?,?,?,?,?,?,?,?,?,?,?,?,?,?,?,?,?,?,?,?,?,?,?,?,?,?,?,?,?,?,?,?,?,?,?,?,?,?,?,?,?,?,?,?,?,?,?,?,?,?,?,?,?,?,?,?,?,?,?,?,?,?,?,?,?,?,?,1,?,?,?,?,?,?,?,?,?,?,?,?,?,?,?,?,?,?,?,?,?,?,?,?,?,?,?,?,?,?,?,?,?,?,?,?,?,?,?,?,?,?,?,?,?,?,?,?,?,?,?,?,?,?,?,?,?,?,?,?,?,?,?,?,?,?,?,?,?,?,?,?,?,?,?,?,?,?,?,?,?,?,?,?,?,?,?,?,?,?,?,?,?,?,?,?,?,?,?,?,?,?,?,?,?,?,?,?,?,?,?,?,?,?,?,?,?,?,?,?,?,?,?,?,?,?,?,?,?,?,?,?,?,?,?,?,?,?,?,?,?,?,?,?,?,?,?,?,?,?,?,?,?,?,?,?,?,?,?,?,?,?,?,?,?,?,?,?,?,?,?,?,?,?,?,?,?,?,?,?,?,?,?,?,?,?,?,?,?,?,?,?,?,?,?,?,?,?,?,?,?,?,?,?,?,?,?,?,?,?,?,?,?,?,?,?,?,?,?,1,0,0,1,0,?,?,?,?,?,?,?,?,?,?,?,?,?,?,?,?,?,?,?,?,?,?,?,?,?,?,?,?,?,?,?,?,?,?,?,?,?,?,?,?,?,?,?,?,?,?,?,?,?,?,?,?,?,?,?,?,?,?,?,?,?,?,?,?,?,?,?,?,?,?,?,?,?,?,?,?,?,,,,,,,,,,,,,,
5ab481fc94cee26913f275e7,?,?,?,?,?,?,?,?,?,?,?,?,?,?,?,?,?,?,?,?,?,?,?,?,?,?,?,?,?,?,?,?,?,?,?,?,?,?,?,?,?,1,?,?,?,?,?,?,?,?,?,?,?,?,?,?,?,?,?,?,?,0,?,?,?,?,?,?,?,?,?,?,?,?,?,?,?,?,?,?,?,?,?,?,?,?,?,?,?,?,?,?,?,?,?,?,?,?,?,?,?,?,?,?,?,?,?,?,?,?,?,?,?,?,?,?,?,?,?,?,?,?,?,?,?,1,?,?,?,?,?,?,?,?,?,?,?,?,?,?,?,?,?,?,?,?,?,?,?,?,?,?,?,?,?,?,?,?,?,?,?,?,?,?,?,?,?,?,?,?,?,?,?,?,?,?,?,?,?,?,?,?,?,?,?,?,?,?,?,?,?,?,?,?,?,?,?,?,?,?,?,?,?,?,?,?,?,1,?,1,?,?,?,?,?,?,?,?,?,?,?,?,?,?,?,?,?,?,?,0,?,?,?,?,?,?,?,?,?,?,?,?,?,?,?,?,?,?,?,?,?,?,?,?,?,?,?,?,?,?,?,?,?,?,?,?,?,?,?,?,?,?,0,?,?,?,?,?,?,?,?,?,?,?,?,?,?,?,?,?,?,?,?,?,?,?,?,?,?,?,?,?,?,?,?,?,?,1,?,?,?,?,?,?,?,?,?,?,?,?,?,?,?,?,?,?,?,?,?,?,?,?,?,?,?,?,?,?,?,?,?,?,?,?,?,?,?,?,?,?,?,?,?,?,?,?,?,?,?,?,?,?,?,?,?,?,?,?,?,?,?,?,?,?,?,?,,,,,,,,,,,,,,
5abaaa581604540f50ac40ac,?,?,?,?,?,?,?,?,?,?,?,?,?,?,?,?,?,?,?,?,?,?,?,?,?,?,?,?,?,?,?,?,?,?,?,?,?,?,?,?,?,?,?,?,?,?,?,?,?,?,?,?,?,?,?,?,?,?,?,?,?,?,?,?,?,?,?,?,?,?,?,?,?,?,?,?,?,?,?,?,?,?,?,?,?,?,?,?,?,?,?,?,?,?,?,?,?,?,?,?,?,?,?,?,?,?,?,?,?,?,?,?,?,?,?,?,?,?,?,?,?,?,?,?,?,?,?,?,?,?,?,?,?,?,?,?,?,?,?,?,?,?,?,?,?,?,?,?,?,?,?,?,?,?,?,?,?,?,?,?,?,?,?,?,?,?,?,?,?,?,?,?,?,?,?,?,?,?,?,?,?,?,?,?,?,?,?,?,?,?,?,?,?,?,?,?,?,?,?,?,?,?,?,?,?,?,?,?,?,?,?,?,?,?,?,?,?,?,?,?,?,?,?,?,?,?,?,?,?,?,?,?,?,?,?,?,?,?,?,?,?,?,?,?,?,?,?,?,?,?,?,?,?,?,?,?,?,?,?,?,?,?,?,?,?,?,?,?,?,?,?,?,?,?,?,?,?,?,?,?,?,?,?,?,?,?,?,?,?,?,?,?,?,?,1,1,0,?,?,?,?,?,?,?,?,?,?,?,?,?,?,?,?,?,?,?,?,?,?,?,?,?,?,?,?,?,?,?,?,?,?,?,?,?,?,?,?,?,?,?,?,?,?,?,?,?,?,?,?,?,?,?,?,?,?,?,?,?,?,?,?,?,?,?,?,?,?,?,?,?,?,?,?,?,?,?,,,,,,,,,,,,,,
5abae45ccc600d5843eb78c3,?,?,?,?,?,?,?,?,?,?,?,?,?,?,?,?,?,?,?,?,?,?,?,?,?,?,?,?,?,?,?,?,?,?,?,?,?,?,?,?,?,?,1,?,?,?,?,?,?,?,?,?,?,?,?,?,?,?,?,?,?,?,?,?,?,?,?,?,?,?,?,?,?,?,1,?,?,?,?,?,?,?,?,?,?,?,?,?,?,?,?,?,?,1,?,?,?,?,?,?,?,?,?,?,?,?,?,?,?,?,?,?,?,?,?,?,?,0,?,?,?,?,?,?,?,?,?,?,?,?,?,?,?,?,?,?,?,?,?,1,?,?,?,?,?,?,?,?,?,?,?,?,?,?,?,?,?,?,?,1,?,?,?,?,?,?,?,?,?,?,?,?,?,?,?,?,?,?,?,1,?,?,?,?,?,?,?,?,?,?,?,?,?,?,?,?,?,?,?,?,?,?,?,?,?,0,?,?,?,?,?,?,?,?,?,1,?,?,?,?,?,?,1,?,?,1,?,?,?,?,?,?,?,?,?,?,?,?,?,?,?,?,?,?,?,?,?,?,?,?,0,?,?,?,?,?,?,?,?,?,?,?,?,?,?,?,?,?,?,?,?,?,?,?,?,?,?,?,?,?,?,?,?,?,?,?,?,?,?,?,?,?,?,?,0,0,1,1,1,0,0,0,0,1,1,1,0,1,0,1,?,?,?,?,?,?,?,?,?,?,?,?,?,?,?,?,?,?,?,?,?,?,?,?,?,?,?,?,?,?,?,?,?,?,?,?,?,?,?,?,?,?,?,?,?,?,?,?,?,?,?,?,?,?,?,?,?,?,?,?,?,?,?,?,?,?,,,,,,,,,,,,,,
5abb987dcc600d5843eb78c4,?,?,?,?,?,?,?,?,?,?,?,?,?,?,?,?,?,?,?,?,?,?,0,?,?,?,?,?,?,?,?,?,?,0,?,?,?,?,?,?,?,?,1,?,?,?,1,?,?,?,?,?,?,?,?,?,?,?,?,?,?,?,1,?,?,?,?,?,?,?,?,?,?,1,0,?,?,?,?,?,?,?,?,?,1,?,?,?,?,?,?,?,?,0,?,?,1,?,?,?,?,?,?,0,?,?,?,?,?,?,?,?,?,?,?,?,?,0,?,?,?,?,?,?,?,?,?,?,?,?,?,?,?,?,?,?,?,?,?,1,?,?,?,?,?,?,?,?,?,?,?,?,?,?,?,?,1,?,?,0,?,?,?,?,?,?,?,1,?,?,?,?,?,?,?,?,?,?,?,1,?,?,?,?,?,?,?,?,?,?,?,?,?,?,?,?,?,?,?,?,?,?,?,?,?,1,?,?,?,?,?,?,?,?,?,1,?,?,?,1,?,?,1,?,?,0,?,?,?,?,?,?,?,?,?,?,?,?,?,?,?,?,?,?,1,?,?,?,?,?,1,?,?,?,?,?,?,?,?,?,1,?,0,?,?,?,?,?,?,?,?,?,?,?,?,?,?,?,?,?,?,?,?,?,?,?,?,?,?,?,?,?,?,1,1,0,1,0,1,0,1,0,1,1,0,1,0,1,1,1,1,1,1,0,0,1,1,?,?,?,?,?,?,?,?,?,?,?,?,?,?,?,?,?,?,?,?,?,?,?,?,?,?,?,?,?,?,?,?,?,?,?,?,?,?,?,?,?,?,?,?,?,?,?,?,?,?,?,?,?,?,?,?,?,?,?,,,,,,,,,,,,,,
5abbdca4cc600d5843eb78c5,?,?,?,?,?,?,?,?,?,?,?,?,?,?,?,?,?,?,?,?,?,?,?,?,?,?,?,?,?,?,?,?,?,?,?,?,?,?,?,?,?,?,?,?,?,?,?,?,?,?,?,?,?,?,?,?,?,?,?,?,?,?,?,?,?,?,?,?,?,?,?,?,?,?,?,?,?,?,?,?,?,?,?,?,?,?,?,?,?,?,?,?,?,?,?,?,?,?,?,?,?,?,?,?,?,?,?,?,?,?,?,?,?,?,?,?,?,?,?,?,?,?,?,?,?,?,?,?,?,?,?,?,?,?,?,?,?,?,?,?,?,?,?,?,?,?,?,?,?,?,?,?,?,?,?,?,?,?,?,?,?,?,?,?,?,?,?,?,?,?,?,?,?,?,?,?,?,?,?,?,?,?,?,?,?,?,?,?,?,?,?,?,?,?,?,?,?,?,?,?,?,?,?,?,?,?,?,?,?,?,?,?,?,?,?,?,?,?,?,?,?,?,?,?,?,?,?,?,?,?,?,?,?,?,?,?,?,?,?,?,?,?,?,?,?,?,?,?,?,?,?,?,?,?,?,?,?,?,?,?,?,?,?,?,?,?,?,?,?,?,?,?,?,?,?,?,?,?,?,?,?,?,?,?,?,?,?,?,?,?,?,?,?,?,?,?,?,?,?,?,?,?,?,?,?,?,?,?,?,?,?,?,?,?,?,?,?,?,?,?,?,?,?,?,?,?,?,?,?,?,?,?,?,?,?,?,?,?,?,?,?,?,?,?,?,?,?,?,?,?,?,?,?,?,?,?,?,?,?,?,?,?,?,?,?,?,?,?,?,?,?,?,?,?,?,?,,,,,,,,,,,,,,
5ac410edcc600d5843eb78c6,?,?,?,?,?,?,?,?,?,?,?,?,?,?,?,?,?,?,?,?,?,?,0,?,?,?,?,?,?,?,?,?,?,1,?,?,?,?,?,?,?,?,0,?,?,?,1,?,?,?,?,?,?,?,?,?,?,?,?,?,?,?,1,?,?,?,?,?,?,?,?,?,?,1,1,?,?,?,?,?,?,?,?,?,1,?,?,?,?,?,?,?,?,1,?,?,0,?,?,?,?,?,?,1,?,?,?,?,?,?,?,?,?,?,?,?,?,0,?,?,?,?,?,?,?,?,?,?,?,?,?,?,?,?,?,?,?,?,?,1,?,?,?,?,?,?,?,?,?,?,?,?,?,?,?,?,1,?,?,1,?,?,?,?,?,?,?,1,?,?,?,?,?,?,?,?,?,?,?,1,?,?,?,?,?,?,?,?,?,?,?,?,?,?,?,?,?,?,?,?,?,?,?,?,?,0,?,?,?,?,?,?,?,?,?,1,?,?,?,1,?,?,1,?,?,1,?,?,?,?,?,?,?,?,?,?,?,?,?,?,?,?,?,?,1,?,?,?,?,?,0,?,?,?,?,?,?,?,?,?,1,?,1,?,?,?,?,?,?,?,?,?,?,?,?,?,?,?,?,?,?,?,?,?,?,?,?,?,?,?,?,?,?,0,0,0,1,1,1,0,1,0,0,1,1,1,0,1,0,1,1,1,1,0,0,1,1,?,?,?,?,?,?,?,?,?,?,?,?,?,?,?,?,?,?,?,?,?,?,?,?,?,?,?,?,?,?,?,?,?,?,?,?,?,?,?,?,?,?,?,?,?,?,?,?,?,?,?,?,?,?,?,?,?,?,?,,,,,,,,,,,,,,
5ac9474fcc600d5843eb78c8,?,?,?,?,?,?,?,?,?,?,?,?,?,?,?,?,?,?,?,?,?,?,0,?,?,?,?,?,?,?,?,?,?,1,?,?,?,?,?,?,?,?,0,?,?,?,0,?,?,?,?,?,?,?,?,?,?,?,?,?,?,?,0,?,?,?,?,?,?,?,?,?,?,0,1,?,?,?,?,?,?,?,?,?,1,?,?,?,?,?,?,?,?,1,?,?,1,?,?,?,?,?,?,1,?,?,?,?,?,?,?,?,?,?,?,?,?,0,?,?,?,?,?,?,?,?,?,?,?,?,?,?,?,?,?,?,?,?,?,1,?,?,?,?,?,?,?,?,?,?,?,?,?,?,?,?,0,?,?,0,?,?,?,?,?,?,?,0,?,?,?,?,?,?,?,?,?,?,?,0,?,?,?,?,?,?,?,?,?,?,?,?,?,?,?,?,?,?,?,?,?,?,?,?,?,1,?,?,?,?,?,?,?,?,?,1,?,?,?,0,?,?,0,?,?,0,?,?,?,?,?,?,?,?,?,?,?,?,?,?,?,?,?,?,0,?,?,?,?,?,0,?,?,?,?,?,?,?,?,?,0,?,0,?,?,?,?,?,?,?,?,?,?,?,?,?,?,?,?,?,?,?,?,?,?,?,?,?,?,?,?,?,?,1,0,0,1,1,1,1,0,0,0,0,1,0,0,0,1,0,0,0,0,0,0,0,1,?,?,?,?,?,?,?,?,?,?,?,?,?,?,?,?,?,?,?,?,?,?,?,?,?,?,?,?,?,?,?,?,?,?,?,?,?,?,?,?,?,?,?,?,?,?,?,?,?,?,?,?,?,?,?,?,?,?,?,,,,,,,,,,,,,,
